{
  "model_info": {
    "name": "RetinaNet_9clases_hybrid_v3",
    "architecture": "RetinaNet ResNet50-FPN Hybrid",
    "num_classes": 9,
    "class_names": [
      "Hernia",
      "L1",
      "L2",
      "L3",
      "L4",
      "L5",
      "S1",
      "Sin Hernia",
      "T12"
    ],
    "timestamp": "2025-11-16 00:58:08"
  },
  "training_config": {
    "img_size": 640,
    "batch_size": 4,
    "epochs_configured": 120,
    "epochs_trained": 53,
    "learning_rate": 0.0006,
    "weight_decay": 0.0008,
    "dropout": 0.25
  },
  "training_results": {
    "best_epoch": 28,
    "best_val_loss": 1.0814184069633483,
    "final_train_loss": 0.411577015467312,
    "final_val_loss": 1.4534673035144805,
    "train_loss_history": [
      1.6180135296738667,
      1.375315803548564,
      1.3212981483210688,
      1.3810885496761487,
      1.2562699551167695,
      1.3842272473418193,
      1.2466018057387809,
      1.2327222577903583,
      1.2572965362797612,
      1.1983667625033336,
      1.2059498675491498,
      1.1800157933131508,
      1.1215211826822031,
      1.120456267958102,
      1.1730683264525041,
      1.1281631200209907,
      1.1101231199243795,
      1.1285255810488826,
      1.1165833719398663,
      1.0983488339444865,
      1.1066168520761572,
      1.2440863329431284,
      1.1818491518497467,
      1.1205986673417299,
      1.0300553130066914,
      1.0333111571229023,
      1.0039157310257787,
      0.9578218784021295,
      0.8883161836344263,
      0.865941558195197,
      0.8643733463857485,
      0.7997965734937916,
      0.7876227971004404,
      0.7738687363655671,
      0.7736005070416824,
      0.7169391985820688,
      0.6869282489237578,
      0.6836133385482042,
      0.6578702052002368,
      0.6739439497823301,
      0.6639202139947725,
      0.5984420141448146,
      0.5449568428423094,
      0.5336539006751516,
      0.512200026732424,
      0.48221959886343585,
      0.47236002852087433,
      0.47578363995189255,
      0.43931088790945383,
      0.42898966112862463,
      0.4179929439788279,
      0.39465945732334384,
      0.411577015467312
    ],
    "val_loss_history": [
      1.2954702079296112,
      1.2388570070266725,
      1.509398525953293,
      1.2037778675556183,
      1.2544468641281128,
      1.2066598534584045,
      1.4188031256198883,
      1.1879727602005006,
      1.3281463980674744,
      1.2462975561618805,
      1.2564255118370056,
      1.4144030213356018,
      1.194521415233612,
      1.1255010485649108,
      1.2809539496898652,
      1.2641328930854798,
      1.1662599086761474,
      1.4159525454044342,
      1.1665140867233277,
      1.1688644230365752,
      1.1820274472236634,
      1.6188056866327922,
      1.159442847967148,
      1.1783504426479339,
      1.3055222511291504,
      1.2361901342868804,
      1.2238331735134125,
      1.0814184069633483,
      1.127120578289032,
      1.0868443548679352,
      1.0975327908992767,
      1.1016532361507416,
      1.191247695684433,
      1.239791202545166,
      1.1158584952354431,
      1.1835826933383942,
      1.1607567965984344,
      1.1622049391269684,
      1.1954270839691161,
      1.1710290312767029,
      1.262321698665619,
      1.215796673297882,
      1.2466032207012177,
      1.2658530712127685,
      1.2522935152053833,
      1.3077541947364808,
      1.3212949693202973,
      1.3417805910110474,
      1.318854659795761,
      1.4287369191646575,
      1.4156401753425598,
      1.4070788502693177,
      1.4534673035144805
    ],
    "gap_train_val": 1.0418902880471685,
    "gap_percentage": 253.14588737764848,
    "improvement_percentage": 16.523097146969917
  },
  "performance_metrics": {
    "overall_accuracy": 25.263157894736842,
    "per_class_metrics": {
      "Hernia": {
        "accuracy": 39.02439024390244,
        "precision": 61.53846153846154,
        "recall": 39.02439024390244,
        "f1_score": 47.76119402985074,
        "total_samples": 41,
        "correct_predictions": 16
      },
      "L1": {
        "accuracy": 0.0,
        "precision": 0.0,
        "recall": 0.0,
        "f1_score": 0.0,
        "total_samples": 1,
        "correct_predictions": 0
      },
      "L2": {
        "accuracy": 0.0,
        "precision": 0.0,
        "recall": 0.0,
        "f1_score": 0.0,
        "total_samples": 2,
        "correct_predictions": 0
      },
      "L3": {
        "accuracy": 0.0,
        "precision": 0.0,
        "recall": 0.0,
        "f1_score": 0.0,
        "total_samples": 1,
        "correct_predictions": 0
      },
      "L4": {
        "accuracy": 0.0,
        "precision": 0.0,
        "recall": 0.0,
        "f1_score": 0.0,
        "total_samples": 5,
        "correct_predictions": 0
      },
      "L5": {
        "accuracy": 30.0,
        "precision": 42.857142857142854,
        "recall": 30.0,
        "f1_score": 35.29411764705882,
        "total_samples": 20,
        "correct_predictions": 6
      },
      "S1": {
        "accuracy": 0.0,
        "precision": 0.0,
        "recall": 0.0,
        "f1_score": 0.0,
        "total_samples": 10,
        "correct_predictions": 0
      },
      "Sin Hernia": {
        "accuracy": 14.285714285714285,
        "precision": 40.0,
        "recall": 14.285714285714285,
        "f1_score": 21.052631578947366,
        "total_samples": 14,
        "correct_predictions": 2
      },
      "T12": {
        "accuracy": 0.0,
        "precision": 0.0,
        "recall": 0.0,
        "f1_score": 0.0,
        "total_samples": 1,
        "correct_predictions": 0
      }
    },
    "total_predictions": 95,
    "total_targets": 95
  },
  "speed_metrics": {
    "mean_inference_ms": 80.15565673510233,
    "fps": 12.475725865546716,
    "throughput": 49.90290346218686
  },
  "confusion_matrix": {
    "matrix": [
      [
        16.0,
        0.0,
        0.0,
        0.0,
        2.0,
        4.0,
        0.0,
        1.0,
        0.0
      ],
      [
        0.0,
        0.0,
        0.0,
        0.0,
        0.0,
        0.0,
        0.0,
        0.0,
        0.0
      ],
      [
        0.0,
        0.0,
        0.0,
        0.0,
        0.0,
        0.0,
        0.0,
        0.0,
        0.0
      ],
      [
        0.0,
        0.0,
        0.0,
        0.0,
        0.0,
        0.0,
        0.0,
        0.0,
        0.0
      ],
      [
        3.0,
        0.0,
        0.0,
        0.0,
        0.0,
        1.0,
        0.0,
        0.0,
        0.0
      ],
      [
        3.0,
        0.0,
        0.0,
        0.0,
        0.0,
        6.0,
        1.0,
        1.0,
        0.0
      ],
      [
        4.0,
        0.0,
        0.0,
        0.0,
        0.0,
        1.0,
        0.0,
        1.0,
        0.0
      ],
      [
        0.0,
        0.0,
        0.0,
        0.0,
        0.0,
        2.0,
        0.0,
        2.0,
        0.0
      ],
      [
        0.0,
        0.0,
        0.0,
        0.0,
        0.0,
        0.0,
        0.0,
        0.0,
        0.0
      ]
    ],
    "classes": [
      "Hernia",
      "L1",
      "L2",
      "L3",
      "L4",
      "L5",
      "S1",
      "Sin Hernia",
      "T12"
    ]
  }
}